<?xml version="1.0" encoding="UTF-8"?>
<objects serializationModel="Studio.02.02.00">
	<object class="AudioFile" id="{a2498158-d105-4247-b581-5e679976021c}">
		<property name="assetPath">
			<value>Star Wars Blaster Sound Effect.mp3</value>
		</property>
		<property name="frequencyInKHz">
			<value>44.0999985</value>
		</property>
		<property name="channelCount">
			<value>2</value>
		</property>
		<property name="length">
			<value>1.5673469387755101</value>
		</property>
		<relationship name="masterAssetFolder">
			<destination>{a3b346cc-7f6c-4b51-acb8-491971281eb5}</destination>
		</relationship>
	</object>
</objects>
