<?xml version="1.0" encoding="UTF-8"?>
<objects serializationModel="Studio.02.02.00">
	<object class="EncodingSetting" id="{e0327a54-2b25-4d25-b795-bfc63bdf596f}">
		<property name="encodingFormat">
			<value>3</value>
		</property>
		<property name="quality">
			<value>37</value>
		</property>
		<relationship name="platform">
			<destination>{c1aaa0b4-9722-4334-a343-44327424708c}</destination>
		</relationship>
		<relationship name="encodable">
			<destination>{c1aaa0b4-9722-4334-a343-44327424708c}</destination>
		</relationship>
	</object>
</objects>
