<?xml version="1.0" encoding="UTF-8"?>
<objects serializationModel="Studio.02.02.00">
	<object class="Event" id="{a340673f-9627-460c-9fc5-f579be2ee854}">
		<property name="name">
			<value>MyEvent1</value>
		</property>
		<property name="outputFormat">
			<value>1</value>
		</property>
		<relationship name="folder">
			<destination>{a1f2c085-bbef-47e0-afa1-98e0dd5ef1d7}</destination>
		</relationship>
		<relationship name="mixer">
			<destination>{b7de1e46-71ec-4162-97ba-df05f48f912b}</destination>
		</relationship>
		<relationship name="masterTrack">
			<destination>{93f288f6-4925-464f-b52c-d4d0c83b68de}</destination>
		</relationship>
		<relationship name="mixerInput">
			<destination>{47858914-e92d-4f08-a2c9-aa20e9a8d2fd}</destination>
		</relationship>
		<relationship name="automatableProperties">
			<destination>{58b3f4f8-0aa8-4983-a75c-0d91c75b874c}</destination>
		</relationship>
		<relationship name="markerTracks">
			<destination>{c5573ec9-ae6d-4946-8f4c-a6d09e27662e}</destination>
		</relationship>
		<relationship name="groupTracks">
			<destination>{0eae8402-b6b1-45a8-b411-8c43c5b1e727}</destination>
		</relationship>
		<relationship name="timeline">
			<destination>{612af8de-0753-4c79-a59a-0bf06e9c9e9a}</destination>
		</relationship>
		<relationship name="banks">
			<destination>{f0979c2d-d4d0-418e-b172-86c36619ccc3}</destination>
		</relationship>
	</object>
	<object class="EventMixer" id="{b7de1e46-71ec-4162-97ba-df05f48f912b}">
		<relationship name="masterBus">
			<destination>{200f6c90-d7d3-42d3-b450-6e3cd981a953}</destination>
		</relationship>
	</object>
	<object class="MasterTrack" id="{93f288f6-4925-464f-b52c-d4d0c83b68de}">
		<relationship name="mixerGroup">
			<destination>{200f6c90-d7d3-42d3-b450-6e3cd981a953}</destination>
		</relationship>
	</object>
	<object class="MixerInput" id="{47858914-e92d-4f08-a2c9-aa20e9a8d2fd}">
		<relationship name="effectChain">
			<destination>{13ba75b6-644a-4d8a-b453-43c7ae62cae1}</destination>
		</relationship>
		<relationship name="panner">
			<destination>{a8bddce7-15bf-446c-ad3f-70d91ca00fa6}</destination>
		</relationship>
		<relationship name="output">
			<destination>{9b320436-fb96-4de1-8229-63da4b1d52af}</destination>
		</relationship>
	</object>
	<object class="EventAutomatableProperties" id="{58b3f4f8-0aa8-4983-a75c-0d91c75b874c}">
		<property name="priority">
			<value>4</value>
		</property>
	</object>
	<object class="MarkerTrack" id="{c5573ec9-ae6d-4946-8f4c-a6d09e27662e}" />
	<object class="GroupTrack" id="{0eae8402-b6b1-45a8-b411-8c43c5b1e727}">
		<relationship name="modules">
			<destination>{79550bae-8502-4114-9280-e7421b9623e0}</destination>
		</relationship>
		<relationship name="mixerGroup">
			<destination>{78ec7d30-54c2-4e32-88ca-19a371aaa6e6}</destination>
		</relationship>
	</object>
	<object class="Timeline" id="{612af8de-0753-4c79-a59a-0bf06e9c9e9a}">
		<relationship name="modules">
			<destination>{79550bae-8502-4114-9280-e7421b9623e0}</destination>
		</relationship>
	</object>
	<object class="EventMixerMaster" id="{200f6c90-d7d3-42d3-b450-6e3cd981a953}">
		<relationship name="effectChain">
			<destination>{f020f6a1-6d52-4df3-8901-3d9e506772fc}</destination>
		</relationship>
		<relationship name="panner">
			<destination>{e5e9df93-0bd3-4120-a6dd-2d4f04caccd0}</destination>
		</relationship>
		<relationship name="mixer">
			<destination>{b7de1e46-71ec-4162-97ba-df05f48f912b}</destination>
		</relationship>
	</object>
	<object class="MixerBusEffectChain" id="{13ba75b6-644a-4d8a-b453-43c7ae62cae1}">
		<relationship name="effects">
			<destination>{3e6e1933-8b8c-4dce-ad86-3f802c3f0c12}</destination>
		</relationship>
	</object>
	<object class="MixerBusPanner" id="{a8bddce7-15bf-446c-ad3f-70d91ca00fa6}" />
	<object class="SingleSound" id="{79550bae-8502-4114-9280-e7421b9623e0}">
		<property name="length">
			<value>0.41999999999999998</value>
		</property>
		<property name="timelockedOffset">
			<value>0.70000000000000007</value>
		</property>
		<relationship name="audioFile">
			<destination>{a2498158-d105-4247-b581-5e679976021c}</destination>
		</relationship>
	</object>
	<object class="EventMixerGroup" id="{78ec7d30-54c2-4e32-88ca-19a371aaa6e6}">
		<property name="name">
			<value>Audio 1</value>
		</property>
		<relationship name="effectChain">
			<destination>{a3d6fd92-4682-4e30-b3af-3353721f66c1}</destination>
		</relationship>
		<relationship name="panner">
			<destination>{d10c9e95-6f2f-4b69-9f63-c7c9a6487e3f}</destination>
		</relationship>
		<relationship name="output">
			<destination>{200f6c90-d7d3-42d3-b450-6e3cd981a953}</destination>
		</relationship>
	</object>
	<object class="MixerBusEffectChain" id="{f020f6a1-6d52-4df3-8901-3d9e506772fc}">
		<relationship name="effects">
			<destination>{96cc22bf-c677-43b6-b121-04bd4c10c3e8}</destination>
		</relationship>
	</object>
	<object class="MixerBusPanner" id="{e5e9df93-0bd3-4120-a6dd-2d4f04caccd0}" />
	<object class="MixerBusFader" id="{3e6e1933-8b8c-4dce-ad86-3f802c3f0c12}" />
	<object class="MixerBusEffectChain" id="{a3d6fd92-4682-4e30-b3af-3353721f66c1}">
		<relationship name="effects">
			<destination>{fc7ae8cc-4499-4c2f-8874-eb6b36fdba09}</destination>
		</relationship>
	</object>
	<object class="MixerBusPanner" id="{d10c9e95-6f2f-4b69-9f63-c7c9a6487e3f}" />
	<object class="MixerBusFader" id="{96cc22bf-c677-43b6-b121-04bd4c10c3e8}" />
	<object class="MixerBusFader" id="{fc7ae8cc-4499-4c2f-8874-eb6b36fdba09}" />
</objects>
