<?xml version="1.0" encoding="UTF-8"?>
<objects serializationModel="Studio.02.02.00">
	<object class="Workspace" id="{1c9a54bd-3c8b-41f5-8295-739379d511e2}">
		<relationship name="masterEventFolder">
			<destination>{a1f2c085-bbef-47e0-afa1-98e0dd5ef1d7}</destination>
		</relationship>
		<relationship name="masterTagFolder">
			<destination>{84f436a6-9c83-4c48-9178-d137158531e3}</destination>
		</relationship>
		<relationship name="masterEffectPresetFolder">
			<destination>{93088da4-63e6-45a4-9934-d1599bac2188}</destination>
		</relationship>
		<relationship name="masterParameterPresetFolder">
			<destination>{80f27eb5-82a8-4c3d-8874-9a01504735bb}</destination>
		</relationship>
		<relationship name="masterBankFolder">
			<destination>{0f7c0c5d-98d3-4cd4-b234-1ba7ce655ded}</destination>
		</relationship>
		<relationship name="masterSandboxFolder">
			<destination>{09a8f95f-63d2-4ad0-9f92-c66886d35b6d}</destination>
		</relationship>
		<relationship name="masterAssetFolder">
			<destination>{a3b346cc-7f6c-4b51-acb8-491971281eb5}</destination>
		</relationship>
		<relationship name="mixer">
			<destination>{7441ef64-239c-4753-8058-eca993229660}</destination>
		</relationship>
		<relationship name="profilerSessionFolder">
			<destination>{57d0bf42-6e94-4f69-87a9-52b6dc5d3530}</destination>
		</relationship>
		<relationship name="platforms">
			<destination>{c1aaa0b4-9722-4334-a343-44327424708c}</destination>
		</relationship>
	</object>
</objects>
